{
    "configurations": [
        {
            "name": "Win32",
            "includePath": [
                "${workspaceRoot}",
                "C:\\MinGW\\include",
                "C:\\MinGW\\lib\\gcc\\mingw32\\9.2.0\\include",
                "C:\\MinGW\\lib\\gcc\\mingw32\\9.2.0\\include\\c++"
            ],
            "defines": [
                "_DEBUG",
                "UNICODE",
                "__GNUC__=5",
                "__cdecl=__attribute__((__cdecl__))"
            ],
            "intelliSenseMode": "gcc-x64",
            "browse": {
                "path": [
                    "${workspaceRoot}",
                    "C:\\MinGW\\include",
                    "C:\\MinGW\\lib\\gcc\\mingw32\\9.2.0\\include",
                    "C:\\MinGW\\lib\\gcc\\mingw32\\9.2.0\\include\\c++"
                ],
                "limitSymbolsToIncludedHeaders": true,
                "databaseFilename": ""
            }
        }
    ],
    "version": 4
}
